排名,代码,名称,最新价,总市值,流通市值,行业,成交额,ROE%,营收同比%,净利润(亿),净利同比%,毛利率%
1,688825,长鑫科技,59.12,4013307937432,266219663966,半导体,18839416914.0,35.76,719.1338353865,247.62,1688.29946417967,79.1575472751
2,601398,工商银行,7.82,2787096930436,2108367502055,银行Ⅱ,2780922569.0,2.2075,8.2698074013,869.41,3.309330291364,0.0
3,601939,建设银行,10.57,2765116032022,101404960895,银行Ⅱ,1368859884.0,2.4625,11.1464197401,862.91,3.527252222529,0.0
4,601288,农业银行,6.79,2376384799998,2167668191176,银行Ⅱ,2638457353.0,2.6475,10.4894093446,751.85,4.523779733356,0.0
5,600941,中国移动,98.04,2126214477521,88507361681,通信服务,564227414.0,5.6,-1.054491889,789.34,-6.293108565323,29.5120205935
6,601857,中国石油,11.08,2027872434223,1794096622223,炼化及贸易,1348517769.0,3.0,-2.2140451706,483.32,1.858798735511,22.924076194
7,601988,中国银行,6.14,1978384208538,1294100261154,银行Ⅱ,1570442821.0,2.115,8.4381764274,566.31,4.170038996395,0.0
8,300750,宁德时代,373.0,1725742284787,1589010220087,电池,8701494036.47,12.08,54.8003691485,432.84,41.983941749454,23.9283938867
9,600519,贵州茅台,1292.3,1615480452972,1615480452972,白酒Ⅱ,3203715661.0,16.75,1.3000994756,445.17,-1.951594855028,89.5552128279
10,600938,中国海油,33.82,1607463043739,101121800000,油气开采Ⅱ,1416283396.0,10.21,16.8837424377,858.18,23.420534134871,53.4636940575
11,601138,工业富联,63.86,1267243733256,1267243733256,消费电子,9431944409.0,13.36,54.634987688,237.4,95.985786599041,7.1506831245
12,601628,中国人寿,38.61,1091300260050,803996493300,保险Ⅱ,1271067994.0,21.07,81.5399084582,1344.89,228.574918765728,0.0
13,688981,中芯国际,126.33,1081518648277,252604736815,半导体,4313773127.0,0.9,8.0738981485,13.61,0.356465104757,21.4758595824
14,601088,中国神华,47.8,1036754959731,788271614249,煤炭开采,1033637331.0,2.4,1.1669181576,106.67,-10.728931291321,32.8891856187
15,300308,中际旭创,866.12,1013130567263,961339741341,通信设备,22780310823.67,37.62,182.4913813287,136.51,241.696005716117,46.2521843492
16,601318,中国平安,55.87,1011673958261,595577836187,保险Ⅱ,3606576460.0,9.0,15.010118462,925.85,36.060370038356,0.0
17,600036,招商银行,39.58,998201488888,816493620500,银行Ⅱ,2429800384.0,3.37,3.8077157288,378.52,1.517996030682,0.0
18,601899,紫金矿业,34.57,919241004483,712203988850,工业金属,7987376586.0,19.6,15.7816890732,391.7,68.170288138556,37.7472369593
19,002594,比亚迪,91.49,834132405222,318990269115,乘用车,1619597741.08,1.65,-11.8191365639,40.85,-55.384405326715,18.806213978
20,600900,长江电力,28.1,687556917820,687556917820,电力,2658024415.0,3.01,6.4427781703,67.61,30.50157685081,55.6463177522
21,688256,寒武纪,1048.0,659039000384,659039000384,半导体,9532759814.0,18.05,108.1331369113,23.11,122.613513635372,55.2505731603
22,000333,美的集团,86.18,657449819569,593336769859,白色家电,1883865956.57,5.56,2.4546350219,126.75,2.031220956812,25.5711317621
23,600028,中国石化,5.29,639695970234,501240594734,炼化及贸易,895023695.0,3.06,1.9523055217,256.27,19.289670902574,19.2430394532
24,601328,交通银行,7.07,624731954457,184332147753,银行Ⅱ,1027567584.0,2.2675,4.8874559315,261.62,3.113668611067,0.0
25,601658,邮储银行,5.0,600475267460,362639003025,银行Ⅱ,697087052.0,2.4275,7.6082942605,257.26,1.90129129367,0.0
26,601728,中国电信,6.35,581070330739,492948777239,通信服务,555006376.0,4.2,-3.8643498262,195.88,-14.898970046109,29.7628442917
27,688041,海光信息,245.97,571717440243,571717440243,半导体,7643209237.0,7.56,66.5195709856,17.98,49.691219941746,55.2090490096
28,300502,新易盛,409.1,570390409424,513110875120,通信设备,14874143370.87,34.86,100.3392340098,75.29,90.984424978074,48.4397325072
29,002371,北方华创,718.0,521044845600,520611520394,半导体,4375977975.22,8.58,24.9038763685,33.7,5.051223129423,40.0682862059
30,601998,中信银行,8.66,481887105206,353007573825,银行Ⅱ,655838867.0,4.805,3.0507963718,376.02,3.081309282307,0.0
31,603259,药明康德,159.94,477222119371,395576442545,医疗服务,5533307226.0,13.19,38.9349828598,110.8,29.427935686791,53.9094753581
32,002475,立讯精密,57.18,442448678828,418847948089,消费电子,6333030050.16,8.76,40.1605518581,78.43,18.036983291456,11.7785360877
33,688347,华虹宏力,252.72,439158216313,103046580000,半导体,5013896724.0,0.86,19.4147741706,3.99,436.692371841556,19.4457765387
34,600030,中信证券,27.93,436385922881,340091068704,证券Ⅱ,3761059910.0,7.81,50.0035284024,233.43,69.601525447949,0.0
35,688235,百济神州,279.75,431454279385,32186708985,化学制药,1109267876.0,9.9,26.8363500983,32.71,627.147475232556,89.4529871532
36,603993,洛阳钼业,19.51,417402991534,340661030854,工业金属,5003965615.0,18.29,42.7839090612,161.52,86.272667882062,23.0090744347
37,601166,兴业银行,18.01,381143099829,381143099829,银行Ⅱ,1872404715.0,4.79,-0.2543953358,411.31,-4.659140956399,0.0
38,002384,东山精密,200.6,367420470919,278096137634,元件,11562323295.08,12.88,63.9481879305,29.57,290.089113632119,20.1513507952
39,688012,中微公司,376.01,360158301271,354275508258,半导体,5920649681.0,11.56,34.8886347323,28.25,300.216524117415,39.7417373409
40,601869,长飞光纤,426.82,353366458197,173433319181,通信设备,6145393362.0,19.22,53.637732146,29.25,888.878405244955,53.3612070059
41,600183,生益科技,140.97,342416647360,339984236371,元件,14313829939.0,18.17,50.0454791459,32.87,130.423998654866,30.6922750301
42,002415,海康威视,35.29,323428317000,319236647026,计算机设备,1917161040.82,9.17,11.9673178084,78.96,39.565445501572,49.9672613158
43,601319,中国人保,7.18,317528252386,254873892266,保险Ⅱ,560716695.0,2.8,-5.142762263,88.14,-31.403222040626,0.0
44,600276,恒瑞医药,47.61,315997086001,303704298265,化学制药,3667194002.0,8.04,-1.9390022608,44.65,0.344554541292,86.3263460861
45,601211,国泰海通,17.91,314876747849,240873811270,证券Ⅱ,1752970017.0,6.12,97.5628794336,202.6,28.736487658757,0.0
46,300059,东方财富,19.62,310431561548,262758215191,证券Ⅱ,6299156508.63,8.46,53.220189051,80.64,44.848976215289,74.3927594104
47,601601,中国太保,32.0,307850926560,219041326560,保险Ⅱ,1218508523.0,9.7,5.8056021068,307.75,10.36399497938,0.0
48,600000,浦发银行,9.07,302083953381,302083953381,银行Ⅱ,868496688.0,3.96,3.5534844687,309.51,4.0824561993,0.0
49,300394,天孚通信,267.16,291424831846,290773751171,通信设备,13829216739.23,19.6,15.1492291388,12.04,33.922353315318,60.8695979509
50,603986,兆易创新,411.2,288557557981,274883883261,半导体,16542661247.0,23.13,178.6722977786,68.57,1091.4990564908,63.1304509177
51,688802,沐曦股份-U,690.8,276389080000,12799553426,半导体,754914134.0,-0.75,75.3713191255,-0.99,57.489357581365,60.0519659997
52,000858,五 粮 液,71.12,276059961316,276053232368,白酒Ⅱ,2282088195.46,6.5,33.6669636086,80.63,82.567785670964,81.4343854062
53,688008,澜起科技,221.22,270007421006,253244807336,半导体,14462577105.0,5.39,19.514563386,8.47,61.304640339934,69.7882209522
54,601225,陕西煤业,27.0,261765000000,261765000000,煤炭开采,1071670009.0,10.9,1.1692536077,112.72,47.574576296288,33.3593436248
55,601919,中远海控,17.11,261237583931,214842347471,航运港口,1177325277.0,2.51,-10.6340561751,58.77,-49.746292864805,17.2411179857
56,600150,中国船舶,34.52,259784446862,259784446862,航海装备Ⅱ,2002380368.0,3.3,54.8968342488,48.32,251.640663443622,17.4752695769
57,300476,胜宏科技,263.05,258521545060,227589530282,元件,10207529386.66,7.62,27.9927826495,12.88,39.947998853247,34.4584933385
58,688795,摩尔线程-U,544.02,255704750612,16443271070,半导体,622632288.0,-0.1,147.4213793771,-0.12,95.73226709201,56.9463084205
59,688836,宇树科技-W,615.03,248757703030,18504850432,自动化设备,3795447912.0,9.99,48.5389986228,2.74,955.594582876599,56.0089333697
60,002916,深南电路,365.1,248693923835,242721930195,元件,3483908637.6,12.43,46.3282888807,22.51,65.546280171141,31.0149106719
61,002379,宏桥控股,18.7,243681910377,21250189181,工业金属,644122367.5,30.26,11.9504272706,156.45,77.024139178251,25.3784505634
62,688808,联讯仪器,2319.0,238084000773,44747757936,通用设备,2352421273.0,31.1,208.7055946128,5.67,902.997918255574,70.7942535034
63,688820,盛合晶微,127.7,237876252187,22079667511,半导体,1625962716.0,2.8,7.2006133293,4.49,3.326089767472,30.1400071353
64,600309,万华化学,75.92,237665405846,237665405846,化学制品,2744358759.0,8.96,31.2585013331,100.63,64.354204430483,17.0841909951
65,601816,京沪高铁,4.85,237289544945,237289544945,铁路公路,823240705.0,1.51,3.2863316356,31.43,6.029549131113,45.8188688007
66,002714,牧原股份,40.8,235538242675,133844372256,养殖业,1905668223.65,-7.48,-22.3016379839,-60.78,-157.717224941595,-1.5756373647
67,002463,沪电股份,122.02,234810838785,234626368827,元件,7676878236.68,17.38,61.1682833526,29.23,73.722061163793,38.7155693432
68,000338,潍柴动力,26.99,233199554561,133773034736,汽车零部件,3254185272.09,3.27,8.8741022466,30.85,13.831101559663,21.4307595137
69,600188,兖矿能源,22.68,227635803814,135203463814,煤炭开采,1107227669.0,3.84,1.8306135938,39.55,42.143942805573,25.9181721671
70,000001,平安银行,11.59,224914591915,224911889046,银行Ⅱ,1131000125.95,5.22,1.7755999135,256.96,3.321270607157,0.0
71,300408,三环集团,112.48,224590904866,210315803288,元件,5065108854.42,8.61,54.824030357,19.32,56.17646712233,44.3196613034
72,002142,宁波银行,33.75,222871189230,222729218539,银行Ⅱ,915632556.17,7.12,11.54467169,165.62,12.117519631736,0.0
73,600919,江苏银行,12.07,221500486268,221500486268,银行Ⅱ,1169361606.0,7.86,9.1107021147,218.76,8.089489422095,0.0
74,000725,京东方Ａ,5.94,220043308700,210080776655,光学光电子,7975640390.9,1.26,0.7951342048,17.07,5.775757856859,15.5957217124
75,000651,格力电器,39.27,219967203449,216491307757,白色家电,3052435514.92,8.68,-8.1402149704,132.78,-7.873884093798,28.8127471778
76,003816,中国广核,4.18,211085058684,164421106184,电力,726414248.78,4.6,-2.7578083082,61.05,2.66222662087,45.5425165845
77,002938,鹏鼎控股,89.2,206724269894,206125702838,元件,1931260312.18,3.71,5.141159863,12.84,4.109207036209,23.9752902042
78,300433,蓝思科技,39.05,206134830974,193968734355,消费电子,4148810516.75,1.05,-12.4203656668,5.77,-49.521477587713,16.4258831472
79,300274,阳光电源,98.84,204916217148,156911136458,光伏设备,14133098170.67,4.81,-18.258672181,22.91,-40.115703122625,33.2629317483
80,301666,大普微-UW,469.2,204672716112,12441468136,计算机设备,961955872.32,77.43,531.1701845514,13.34,477.083656706601,34.9035465253
81,688498,源杰科技,1630.99,203058869883,200435857943,半导体,5872101741.0,7.38,320.9399426311,1.79,1153.0720107745,77.8078616274
82,688072,拓荆科技,693.0,201440535912,195906257316,半导体,3381475013.0,18.11,49.060715147,13.43,1324.09901284204,41.0042896167
83,601066,中信建投,25.78,199967591867,167458399282,证券Ⅱ,732765037.0,8.27,51.1077143242,76.39,69.437027116444,0.0
84,603288,海天味业,34.1,199520636000,189589883960,调味发酵品Ⅱ,1783603123.0,10.07,6.0061732024,41.9,7.125124059512,41.0363120571
85,601898,中煤能源,14.95,198217017830,136822405980,煤炭开采,558200804.0,4.95,-1.7610159657,81.49,5.825484910589,26.9192171517
86,600690,海尔智家,21.12,198055538208,132063960040,白色家电,597796979.0,3.86,-6.8649883795,46.52,-15.218894868464,25.3437866989
87,300760,迈瑞医疗,162.03,196347861805,196163587354,医疗器械,942832419.01,5.96,1.3941290693,23.3,-11.372013981418,61.8700838989
88,603268,松发股份,187.0,190500067967,43617711104,航海装备Ⅱ,633114876.0,32.06,251.874251691,36.09,457.668942986394,23.6588177372
89,601336,新华保险,60.59,189013328494,126356769611,保险Ⅱ,1599732080.0,18.87,18.8703759227,227.93,54.017163321846,0.0
90,600406,国电南瑞,23.06,185212296957,184668542296,电网设备,1465510495.0,5.73,14.5359559071,30.73,4.08163089096,25.3392957491
91,300604,长川科技,284.8,183861808851,139401464688,半导体,4003913399.05,7.17,69.0854419545,3.53,217.602047030852,56.8082975489
92,601985,中国核电,8.9,183055218459,168061235316,电力,737057911.0,1.73,-6.6485477301,20.64,-34.191281406826,39.5018012149
93,601668,中国建筑,4.43,183049329667,183049329667,房屋建设Ⅱ,940710675.0,2.77,-7.8455814387,138.81,-7.531783889271,7.9268484254
94,601818,光大银行,3.04,179620075225,141076719305,银行Ⅱ,546191702.0,1.995,-3.853593665,114.59,-8.063222079589,0.0
95,600025,华能水电,9.64,179603748637,179603748637,电力,329824947.0,5.91,1.4544203223,43.76,-5.049088925195,57.1891827428
96,601766,中国中车,6.21,178219945986,151075625878,轨交设备Ⅱ,1074649959.0,4.54,9.956998576,79.91,10.280413688099,22.2659912397
97,301377,鼎泰高科,416.97,176814016130,41222043650,通用设备,1236830915.12,23.27,114.8532705135,6.79,325.11511168433,55.9236303489
98,600989,宝丰能源,24.0,176000640000,176000640000,化学原料,1735750596.0,18.61,32.3321115262,97.28,70.137377080532,43.5632332124
99,002352,顺丰控股,33.41,175913942886,160338440803,物流,469548465.13,2.52,6.1448842808,25.26,13.048580765259,13.7376175143
100,600487,亨通光电,71.3,175853767924,174944978124,通信设备,19124123705.0,9.43,31.1319208289,31.2,93.381059137176,16.7677104602
101,600031,三一重工,,,,,,,,,,
102,601688,华泰证券,,,,,,,,,,
